horizon,rho_train_count,rho_train_mean,rho_train_median,rho_test_count,rho_test_mean,rho_test_median
10,499,0.4129209352667624,0.4202237944399771,493,0.08823138230020137,0.05229512273554371
21,499,0.4152485769311676,0.42821805976731364,493,0.08081937973839143,0.03319514139942565
31,499,0.39844701095728585,0.41204694093770117,493,0.06912603387133577,0.01623698344091955
42,499,0.37243899766496696,0.38466771320772974,493,0.06255403889693646,0.010675851730230399
