horizon,rho_train_count,rho_train_mean,rho_train_median,rho_test_count,rho_test_mean,rho_test_median
10,497,0.3941121940196528,0.41343835309057797,489,0.07364232682595996,0.08680591209809072
21,497,0.4255513579575261,0.4371644344679356,489,0.06916059758012282,0.06332141141301446
31,497,0.4409197919341739,0.4628478376316183,489,0.03343896951482425,0.04816677712912608
42,497,0.4491123202884544,0.48363253459664274,490,-0.003040501133558994,-0.0015115681045603196
