horizon,rho_train_count,rho_train_mean,rho_train_median,rho_test_count,rho_test_mean,rho_test_median
10,499,0.3940039116775837,0.41310679700052,491,0.07394499566452077,0.08637175492454356
21,499,0.4255396703237647,0.4371351023579266,491,0.06884999283170518,0.06084982611026364
31,499,0.4410178488577173,0.4618939309236352,491,0.033108706311198784,0.04199295488416203
42,499,0.4492860138934844,0.4826815498564965,492,-0.0028475104724560657,-0.0015115681045603196
